category,average_rating
Beauty,3.002249538041295
Clothing,2.984298252677349
Electronics,3.0068818224964406
Home,3.0011207172590457
